Name,Age
Sara Perez,98
Jessica Washington,74
Ronald Snyder,61
Ricardo Marshall,80
Bruce Miller,81
Dana Heath,64
Michael Miller,72
Mrs. Holly Prince,97
Brian Whitney,75
David Anderson,72
Cathy Gonzalez,65
Matthew Goodwin,98
Aaron Watson,51
Hailey Rivera,96
Sara Navarro,63
Debra Cisneros,99
Toni Bird,9
Krystal Howard,93
Jennifer Sanders,57
Susan Kelly,90
Melissa Payne,9
Carrie Williams,78
Robert Chandler,75
William Jones,83
Dorothy Smith,71
Randy Bautista,88
Cynthia Horn,66
Kelly Cherry,85
Christopher Mcdonald,95
Paul Barnes,56
Sherry Aguilar,69
Jose Horn,65
David Rogers,89
Robert Montgomery,62
Michael Buchanan,54
John Perry,66
Ryan Cabrera,77
Allen Adams,55
David Hall,60
Timothy Schmitt,58
Joshua Reid,9
Elizabeth Daugherty,85
James Carr,84
Mr. John Tran,92
Michael Spencer,70
Sydney Norton,98
Samantha Rogers,68
Brittany Huynh,6
Robert Potter,93
Leslie Higgins,93
Cheryl Kelly,88
Christopher Riley,98
Sara Flynn,80
Joseph Jacobson,75
David Rios,80
Karen Boone,90
Ian Salas,62
Natalie Long,82
Erica Anderson,88
Michael Hall,59
Deborah Rollins,60
Donald Black,51
William Delgado,85
Brian Hughes,82
Rebecca Griffin,56
Ashley Sims,80
Melissa Wong,52
Juan Eaton,84
Darlene Butler,57
Marcus Camacho,91
Stephanie White,76
Steve Fisher,76
Ricky Morgan,54
Keith Martinez,94
Crystal Tucker,53
Derrick Rose,96
Julie Bartlett,89
Jasmine Schultz,51
John Gonzales,51
Warren Sparks,78
Laura Phillips,84
Curtis Hoffman,9
Zachary Ross,70
Gregory Foster,94
Christopher Hall,90
Caitlin Clay,59
Nancy Reeves,62
Ryan Rodriguez,7
Eric Huynh,93
Donna Delacruz,81
Anita Lopez,59
Stanley Tucker,54
Todd Wilson,91
Cindy Neal,97
Jaime Harrington,8
Amber Rogers,91
Marie Franklin,62
Christina Jones,80
Marie Parker,59
Jessica Rush,64
Lauren Knight,76
Austin Gonzalez,55
Donald Green,67
Richard Stark,94
Sarah Figueroa MD,94
Heidi Prince,61
